Date,Open,High,Low,Close,Volume,c_rsi_14d_dividend_and_split_adjusted,c_annualized_volatility_21d_log_returns_dividend_and_split_adjusted,c_annualized_volatility_63d_log_returns_dividend_and_split_adjusted,c_simple_moving_average_21d_close_dividend_and_split_adjusted,c_simple_moving_average_63d_close_dividend_and_split_adjusted,c_exponential_moving_average_21d_close_dividend_and_split_adjusted,c_macd_26d_12d_dividend_and_split_adjusted,c_macd_signal_9d_dividend_and_split_adjusted,c_log_returns_dividend_and_split_adjusted,return_1d,return_5d,return_21d,return_63d,log_return,vol_21d,vol_63d,rsi_14,rsi_overbought,rsi_oversold,sma_50,price_vs_sma_50,momentum_10d,momentum_21d,vol_avg_20d,vol_ratio,future_return_5d,target,Ticker
2024-07-26,20.52,21.26,20.0,21.08,182900,68.18531582567728,0.2882073902446372,0.4359099748158306,19.532380952380954,19.19079365079365,19.799054183986573,0.4824004745627626,0.3376160365202552,0.0322997468514082,0.032827045565898993,0.054527263631815925,0.1321160042964553,0.14814814814814814,0.03229974685140808,0.28820739024463754,0.4359099748158306,81.35198135198132,1,0,19.3764,0.08792138890609191,0.10308738880167456,0.1321160042964553,147583.45,1.2392988509212923,-0.10151802656546471,0,MRX
2024-07-29,21.18,21.2,20.43,20.94,48713,65.82473932369888,0.2902208581299799,0.4362589975348035,19.63142857142857,19.2315873015873,19.902776530896887,0.5098455871934,0.3720619466548842,-0.0066635182307708,-0.006641366223908762,0.01798736023334957,0.11028632025450702,0.13990201415351122,-0.006663518230770624,0.2902208581299801,0.43625899753480357,77.61904761904765,1,0,19.421000000000003,0.07821430410380503,0.06891271056661563,0.11028632025450702,126873.95,0.38394800508693866,-0.12320916905444135,0,MRX
2024-07-30,20.5,21.51,20.39,21.0,186300,66.36221950326161,0.2808400231919227,0.4350917037517475,19.7104761904762,19.268095238095235,20.00252411899717,0.530324286978729,0.4037144147196531,0.0028612322810321,0.002865329512893977,0.02689486552567244,0.08583247156153062,0.12299465240641716,0.002861232281032195,0.28084002319192297,0.43509170375174755,74.86631016042783,1,0,19.4736,0.0783830416563962,0.033973412112260126,0.08583247156153062,117417.75,1.5866425646888993,-0.09857142857142853,0,MRX
2024-07-31,21.26,21.26,20.65,20.68,85521,60.864319927893455,0.2644077582726652,0.4363152505613294,19.80047619047619,19.30063492063492,20.06411283545197,0.5147982051925482,0.4259311728142321,-0.0153553880831946,-0.015238095238095273,0.014720314033366044,0.10058541777541241,0.11003757380568979,-0.01535538808319465,0.2644077582726655,0.4363152505613294,74.27055702917772,1,0,19.5182,0.05952393151007773,0.01871921182266001,0.10058541777541241,119393.8,0.7162934758756317,-0.07398452611218576,0,MRX
2024-08-01,20.79,20.79,19.93,20.09,52206,52.26653926340086,0.2841205332382885,0.4394993862790706,19.87238095238095,19.327936507936503,20.06646621404725,0.4497017228222688,0.4306852828158395,-0.0289448708133853,-0.02852998065764023,-0.015678588926996584,0.08127018299246513,0.09363091997822526,-0.028944870813385332,0.2841205332382886,0.4394993862790706,61.95121951219513,0,0,19.5364,0.028336848139882465,-0.0024826216484608032,0.08127018299246513,120051.9,0.43486192221864045,-0.03782976605276267,0,MRX
2024-08-02,19.36,19.99,18.38,18.94,140146,40.3129425487284,0.3577090327415509,0.4554856851050581,19.889047619047616,19.339206349206343,19.96406019458841,0.3018375075997106,0.4049157277726137,-0.0589460910689108,-0.05724240915878542,-0.10151802656546471,0.01882732651963437,0.03894679100383991,-0.058946091068910814,0.357709032741551,0.45548568510505816,43.18658280922433,0,0,19.5126,-0.029345141088322313,-0.05252626313156561,0.01882732651963437,120744.2,1.1606851509223632,0.07708553326293544,1,MRX
2024-08-05,17.54,18.6,17.54,18.36,118800,35.858605393432825,0.3738978799996406,0.4597984891294758,19.87333333333333,19.34,19.818236540534915,0.136281925786033,0.3511889673752976,-0.0311017025655878,-0.030623020063358042,-0.12320916905444135,-0.01765650080256831,0.002730748225013624,-0.031101702565587853,0.37389787999964064,0.4597984891294758,28.941684665226788,0,1,19.4608,-0.0565649921894269,-0.1074380165289257,-0.01765650080256831,118494.1,1.002581563132679,0.08442265795206971,1,MRX
2024-08-06,18.39,19.08,18.38,18.93,167600,42.57409914016828,0.3846635266136787,0.4633086390353331,19.89904761904761,19.346507936507937,19.73748776412265,0.0504901517065299,0.291049204241544,0.0305735800288871,0.03104575163398704,-0.09857142857142853,0.029363784665578985,0.022138228941684712,0.030573580028887184,0.38466352661367875,0.4633086390353331,36.801541425818876,0,0,19.442,-0.026334739224359693,-0.07432762836185813,0.029363784665578985,115434.1,1.451910657249461,0.06656101426307459,1,MRX
2024-08-07,19.19,19.27,18.96,19.15,33849,44.968957322408464,0.3843587812913661,0.4638492707889624,19.92428571428572,19.35619047619048,19.684079785566045,0.0002488454994313,0.2328891324931215,0.0115547504054237,0.011621764395139955,-0.07398452611218576,0.028464017185821477,0.03290183387270762,0.011554750405423482,0.3843587812913661,0.4638492707889624,40.571428571428555,0,0,19.4284,-0.014329538201807712,-0.060353287536800804,0.028464017185821477,110131.55,0.3073506184195174,0.21723237597911238,1,MRX
2024-08-08,19.3,19.69,19.03,19.33,60328,46.91943952264303,0.3737502595658936,0.4637533926349652,19.933333333333334,19.37142857142857,19.65189071415095,-0.0247578627311888,0.1813597334482594,0.0093555775935845,0.009399477806788514,-0.03782976605276267,0.009926854754440884,0.05225911812738149,0.009355577593584536,0.37375025956589353,0.4637533926349652,43.75,0,0,19.3702,-0.002075352861612312,-0.0529152376286135,0.009926854754440884,104856.75,0.5753373054190598,0.19865494050698418,1,MRX
2024-08-09,19.34,20.52,18.5,20.4,248222,56.735954480638526,0.4118713261716816,0.4757350555341097,20.007142857142856,19.4036507936508,19.719900649228137,0.0412882531876235,0.1533454373961322,0.053876607629931,0.055354371443352424,0.07708553326293544,0.08222811671087515,0.11050626020685894,0.053876607629931295,0.411871326171682,0.47573505553410983,48.52686308492199,0,0,19.352800000000002,0.05411103302881215,-0.032258064516129004,0.08222811671087515,113642.85,2.1842289242130057,0.1284313725490196,1,MRX
2024-08-12,20.41,20.61,19.79,19.91,95800,51.993853231812864,0.4212589143074662,0.4785605182861083,20.04523809523809,19.42746031746032,19.737182408389216,0.0534749451104836,0.1333713389390025,-0.0243127827740659,-0.02401960784313717,0.08442265795206971,0.04186289900575613,0.08147745790331351,-0.024312782774065695,0.4212589143074664,0.4785605182861083,45.60260586319218,0,0,19.3352,0.02972816417725177,-0.04918815663801346,0.04186289900575613,113096.7,0.8470627348101227,0.13862380713209443,1,MRX
2024-08-13,20.08,20.35,19.55,20.19,133427,54.34226091998971,0.4154820249049897,0.4791685384395149,20.073809523809523,19.454126984126983,19.778347643990195,0.0847497043650236,0.1236470120242067,0.0139653142486413,0.014063284781516971,0.06656101426307459,0.03062787136294043,0.0907617504051863,0.013965314248641348,0.41548202490498987,0.47916853843951496,48.503937007874036,0,0,19.348,0.0435187099441805,-0.03857142857142848,0.03062787136294043,110122.55,1.2116228692488504,0.11094601287766204,1,MRX
2024-08-14,20.8,23.77,20.8,23.31,1279322,71.23064301499282,0.6368171938319521,0.5564402831597504,20.21666666666667,19.52460317460317,20.099406949081995,0.3571758011671306,0.1703527698527915,0.1436950207229195,0.15453194650817226,0.21723237597911238,0.14771048744460868,0.23529411764705865,0.14369502072291954,0.6368171938319522,0.5564402831597504,65.36016949152543,0,0,19.4348,0.19939489987033565,0.12717601547388768,0.14771048744460868,163741.55,7.813056612692381,-0.04075504075504077,0,MRX
2024-08-15,23.69,24.0,22.23,23.17,356001,69.97979530688603,0.6378765403023284,0.5562465765938697,20.35333333333333,19.595396825396826,20.378551771892724,0.5553765801298383,0.2473575319082009,-0.0060241146033807,-0.006006006006005871,0.19865494050698418,0.14137931034482754,0.23837520042757876,-0.00602411460338079,0.6378765403023284,0.5562465765938697,61.72839506172843,0,0,19.5364,0.18599127781986446,0.1533101045296168,0.14137931034482754,177926.6,2.000830679617325,-0.007768666378938471,0,MRX
2024-08-16,23.21,23.21,22.88,23.02,122300,68.59001429917883,0.6374973047490311,0.5548683641362766,20.49047619047619,19.66920634920635,20.618683428993386,0.6923672009111073,0.3363594657087821,-0.0064949351505483,-0.006473888649115356,0.1284313725490196,0.1429990069513405,0.2531301034295046,-0.0064949351505483735,0.6374973047490312,0.5548683641362766,61.65919282511211,0,0,19.6082,0.1739986332248753,0.21541710665258695,0.1429990069513405,181819.95,0.6726434585423656,0.018245004344048743,1,MRX
2024-08-19,22.91,23.05,22.44,22.67,145903,65.32979746843792,0.6402168312387728,0.5561509349171914,20.61809523809524,19.73619047619048,20.80516675363035,0.763885582424507,0.4218646890519271,-0.0153209387742988,-0.015204170286707064,0.13862380713209443,0.13406703351675864,0.2287262872628728,-0.01532093877429881,0.6402168312387729,0.5561509349171914,59.06623235613465,0,0,19.6746,0.1522470596606793,0.23474945533769076,0.13406703351675864,185899.55,0.7848485916184306,0.02734891927657679,1,MRX
2024-08-20,22.87,22.87,22.12,22.43,229800,63.11444792443904,0.6371799004619466,0.5520875561512317,20.706666666666667,19.78777777777778,20.952878866936683,0.7920679544657823,0.4959053421346981,-0.0106431159873207,-0.010586678429642782,0.11094601287766204,0.09042294603791934,0.16944734098018777,-0.01064311598732076,0.6371799004619466,0.5520875561512317,59.58378970427163,0,0,19.7362,0.13649030715132593,0.184891706286318,0.09042294603791934,191888.55,1.1975701520491975,0.08114132857779754,1,MRX
2024-08-21,22.57,22.58,22.12,22.36,230029,62.449282171655256,0.6367122309337236,0.5442517745664616,20.797619047619047,19.8231746031746,21.08079896994244,0.7995376994614745,0.5566318136000534,-0.0031257002452185,-0.0031208203299153414,-0.04075504075504077,0.09339853300733503,0.11077993045206158,-0.003125700245218589,0.6367122309337235,0.5442517745664616,63.182346109175384,0,0,19.809,0.1287798475440456,0.16762402088772843,0.09339853300733503,199183.35,1.1548605844815845,0.05769230769230771,1,MRX
2024-08-22,22.51,22.99,22.04,22.99,458154,65.92950265697792,0.6411340536093143,0.5413163830209125,20.921904761904763,19.85555555555556,21.25436269994767,0.8465349332961445,0.6146124375392716,0.0277856904881918,0.02817531305903387,-0.007768666378938471,0.12806673209028463,0.09737470167064433,0.027785690488191652,0.6411340536093141,0.5413163830209123,75.03090234857848,1,0,19.8936,0.15564804761330264,0.1893429901707191,0.12806673209028463,218766.05,2.0942646265268308,0.04784688995215314,1,MRX
2024-08-23,23.12,23.69,22.89,23.44,281700,68.19683657151948,0.6426330705426989,0.5309993494798727,21.066190476190474,19.912222222222223,21.453056999952427,0.9096064420464316,0.6736112384407036,0.0193846259337217,0.01957372770769905,0.018245004344048743,0.14845663890249883,0.17966784096628086,0.019384625933721738,0.6426330705426987,0.5309993494798726,81.90954773869349,1,0,19.99,0.17258629314657337,0.1490196078431374,0.14845663890249883,223706.05,1.2592417594428045,0.023464163822525475,1,MRX
2024-08-26,23.7,23.7,23.25,23.29,300215,66.60568433198978,0.6370896601201333,0.531228747784972,21.17142857142857,19.967142857142857,21.62005181813857,0.9366897444343004,0.726226939639423,-0.0064198808125623,-0.006399317406143412,0.02734891927657679,0.10483870967741948,0.17448310640443787,-0.006419880812562307,0.6370896601201333,0.531228747784972,78.91246684350133,1,0,20.0804,0.15983745343718248,0.16976393771973886,0.10483870967741948,236281.15,1.2705837939251607,0.02361528553027048,1,MRX
2024-08-27,23.52,24.25,23.2,24.25,294500,71.23187675305118,0.6472426638721984,0.4863654268714882,21.32904761904762,19.99904761904762,21.85913801648961,1.0238155255708463,0.7857446568257076,0.0403925334872426,0.04121940747101771,0.08114132857779754,0.1580706781279846,0.09037769784172678,0.04039253348724268,0.6472426638721984,0.48636542687148815,80.79710144927536,1,0,20.1962,0.20072092769927008,0.2010896483407627,0.1580706781279846,241691.15,1.2184972432792844,0.012783505154639219,1,MRX
2024-08-28,24.24,24.61,23.61,23.65,88308,65.15649516754225,0.6566407567129453,0.480392162350118,21.45523809523809,20.0368253968254,22.021943651354192,1.03254580394767,0.8351048862501002,-0.0250535024455501,-0.024742268041237137,0.05769230769230771,0.1261904761904762,0.1118946873530795,-0.02505350244555025,0.6566407567129454,0.4803921623501181,74.82758620689654,1,0,20.298,0.16513942260321213,0.014586014586014606,0.1261904761904762,241830.5,0.3651648572037026,0.028752642706131093,1,MRX
2024-08-29,23.88,24.31,23.55,24.09,89500,67.3553535168789,0.6534401341185607,0.4789213192007812,21.617619047619048,20.08920634920635,22.20994877395836,1.0627185769899403,0.8806276243980682,0.0184337016888379,0.018604651162790642,0.04784688995215314,0.1648936170212767,0.15873015873015883,0.018433701688837966,0.6534401341185608,0.47892131920078124,72.8624535315985,1,0,20.404600000000002,0.18061613557727174,0.03970651704790673,0.1648936170212767,243695.2,0.3672620552230819,0.008717310087173136,1,MRX
2024-08-30,24.31,24.47,23.67,23.99,57700,66.33082784728896,0.6416677973147024,0.4612618338945649,21.80333333333333,20.15968253968254,22.37177161268941,1.06627025299753,0.9177561501179604,-0.0041597397751766,-0.004151100041511091,0.023464163822525475,0.19412643106022887,0.22710997442455239,-0.004159739775176882,0.6416677973147026,0.46126183389456493,76.56249999999997,1,0,20.507199999999997,0.16983303425138496,0.04213727193744554,0.19412643106022887,239572.9,0.24084527089666652,0.0012505210504376585,1,MRX
2024-09-03,24.06,24.62,23.32,23.84,269100,64.74008516856343,0.5963001757940188,0.4566940886610635,22.036666666666665,20.23698412698413,22.50524692062674,1.0449358652200331,0.943192093138375,-0.0062722346544542,-0.0062526052521884035,0.02361528553027048,0.2587117212249208,0.25672113863995794,-0.006272234654454186,0.5963001757940191,0.4566940886610636,74.17218543046356,1,0,20.607400000000002,0.15686598018187636,0.051610057344507965,0.2587117212249208,247087.9,1.0890861106513108,0.016359060402684644,1,MRX
2024-09-04,23.99,24.59,23.83,24.56,306824,68.62908259362823,0.5792373478158047,0.4475876062666041,22.331904761904763,20.33968253968254,22.69204265511522,1.0737486854488267,0.9693034116004654,0.0297542610817927,0.030201342281879207,0.012783505154639219,0.33769063180827885,0.3576561636263129,0.029754261081792716,0.5792373478158049,0.44758760626660415,62.13592233009708,0,0,20.724,0.18509940165991123,0.0949621043245652,0.33769063180827885,254049.1,1.207735040194986,-0.014657980456026065,0,MRX
2024-09-05,24.55,24.62,24.19,24.33,108930,66.12025432240827,0.5812518163059757,0.4274436483886535,22.58904761904762,20.41746031746032,22.840947868286563,1.0657388017483242,0.9885904896300372,-0.0094089464835105,-0.009364820846905597,0.028752642706131093,0.28526148969889054,0.2521873391662377,-0.00940894648351053,0.5812518163059759,0.42744364838865356,61.06870229007629,0,0,20.8422,0.16734317874312699,0.08810375670840775,0.28526148969889054,257803.15,0.4225316874522286,-0.004932182490752002,0,MRX
2024-09-06,24.48,24.48,23.81,24.3,99918,65.78246107704133,0.5830470006983547,0.4272711196041107,22.83428571428572,20.496031746031747,22.9735889711696,1.044924917917463,0.9998573752875224,-0.0012338064489285,-0.0012330456226878894,0.008717310087173136,0.2689295039164492,0.2558139534883721,-0.0012338064489283214,0.5830470006983549,0.42727111960411074,62.50000000000001,0,0,20.9558,0.1595835043281575,0.0569812962157461,0.2689295039164492,259782.65,0.3846215288049452,0.00864197530864197,1,MRX
2024-09-09,24.31,24.68,24.02,24.02,176300,62.56953429873598,0.5884355819787537,0.4282972242521199,23.057619047619045,20.57015873015873,23.06871724651782,0.9943735853671604,0.99876061730345,-0.0115895336946652,-0.011522633744855959,0.0012505210504376585,0.24262803931712362,0.24134366925064588,-0.011589533694665283,0.5884355819787538,0.4282972242521199,63.36633663366332,0,0,21.059,0.14060496699748315,0.024744027303754246,0.24262803931712362,256186.55,0.6881703977043292,0.012489592006661221,1,MRX
2024-09-10,24.04,24.34,23.89,24.23,270700,63.99009134058362,0.5667346213031876,0.4219175786887639,23.24,20.657619047619047,23.17428840592529,0.9601880845329696,0.991046110749354,0.0087047181765968,0.008742714404662788,0.016359060402684644,0.18774509803921569,0.2943376068376069,0.008704718176596888,0.5667346213031876,0.4219175786887639,67.92828685258962,0,0,21.156799999999997,0.14525826211903525,0.040360669815371564,0.18774509803921569,264931.55,1.0217733599490133,0.0028889806025589326,1,MRX
2024-09-11,24.09,24.32,23.98,24.2,267541,63.61863783942585,0.5555861833654233,0.4220352237089406,23.444285714285712,20.74396825396825,23.267534914477537,0.9200690957365724,0.9768507077467976,-0.0012389016657937,-0.0012381345439538283,-0.014657980456026065,0.2154696132596685,0.2899786780383793,-0.0012389016657937024,0.5555861833654235,0.42203522370894064,68.47389558232929,0,0,21.265,0.1380202210204562,-0.0020618556701030855,0.2154696132596685,271637.25,0.9849201462612363,-0.04297520661157017,0,MRX
2024-09-12,24.2,24.37,23.98,24.21,204325,63.69429152163918,0.5561330008552448,0.4214530266897161,23.635714285714283,20.832698412698413,23.35321355861594,0.8789494424546511,0.9572704546883682,0.0004131377873263,0.0004132231404958553,-0.004932182490752002,0.1991084695393759,0.3002148227712138,0.000413137787326395,0.556133000855245,0.4214530266897162,63.990825688073386,0,0,21.3776,0.13249382531247655,0.02367864693446098,0.1991084695393759,217887.4,0.9377550055670957,-0.045022717885171426,0,MRX
2024-09-13,24.15,25.03,24.11,24.51,382800,65.97985463511779,0.2632439127029707,0.4216999873685992,23.69285714285714,20.923809523809524,23.45837596237813,0.8606482959522346,0.9379460229411416,0.012315426590054,0.012391573729863659,0.00864197530864197,0.051480051480051525,0.30580713905167833,0.012315426590054052,0.263243912702971,0.4216999873685992,62.70783847980996,0,0,21.496000000000002,0.14021213248976538,0.01743462017434627,0.051480051480051525,219227.35,1.7461324966980625,-0.0738474092207263,0,MRX
2024-09-16,24.8,25.31,24.03,24.32,532228,63.263487536396426,0.2640212644830886,0.4202847343158824,23.74761904761905,21.0168253968254,23.53670542034376,0.8213451379124272,0.9146258459353986,-0.0077821404420549,-0.007751937984496138,0.012489592006661221,0.04963314630988336,0.31744312026002164,-0.007782140442054963,0.2640212644830889,0.4202847343158824,62.11764705882352,0,0,21.608600000000003,0.12547781901650246,0.013755731554814687,0.04963314630988336,239723.75,2.2201721773499705,-0.07113486842105265,0,MRX
2024-09-17,24.32,24.47,24.17,24.3,406623,62.96960811523223,0.2623646526763106,0.4204073365828335,23.808571428571423,21.107936507936508,23.60609583667614,0.7795965652269636,0.8876199897937117,-0.0008227067514635,-0.000822368421052655,0.0028889806025589326,0.05560382276281506,0.3092672413793105,-0.0008227067514635084,0.2623646526763109,0.4204073365828335,50.75528700906345,0,0,21.726799999999997,0.11843437597805484,0.019295302013422777,0.05560382276281506,252759.75,1.6087331942684704,-0.07201646090534974,0,MRX
2024-09-18,24.32,24.32,23.13,23.16,326200,48.99781118285108,0.3105651303738395,0.4329895926227595,23.83190476190476,21.177777777777777,23.56554166970558,0.6470631072514408,0.8395086132852575,-0.0480496976417083,-0.04691358024691361,-0.04297520661157017,0.021614468460520397,0.23454157782515983,-0.048049697641708314,0.31056513037383976,0.4329895926227596,43.63636363636367,0,0,21.817600000000002,0.06152830742153115,-0.05700325732899014,0.021614468460520397,257579.75,1.2664039001513123,-0.050086355785837644,0,MRX
2024-09-19,23.45,23.82,22.79,23.12,136200,48.5904198833479,0.307871137162681,0.4330884259041442,23.864761904761902,21.245396825396828,23.525037881550528,0.5326615306922484,0.7781391967666557,-0.0017286089006177,-0.0017271157167529916,-0.045022717885171426,0.030762371823450874,0.22587486744432672,-0.0017286089006177425,0.3078711371626812,0.43308842590414426,35.94202898550728,0,0,21.897199999999998,0.055842756151471606,-0.049732840115084165,0.030762371823450874,252888.3,0.538577704069346,-0.026816608996539815,0,MRX
2024-09-20,23.08,23.09,22.55,22.7,113940,44.41466108490389,0.3151358354551244,0.4351358695130992,23.88095238095238,21.3068253968254,23.45003443777321,0.4034561754884116,0.7032025925110068,-0.0183331193168198,-0.018166089965398036,-0.0738474092207263,0.015205724508050134,0.20552310143388208,-0.018333119316819843,0.3151358354551247,0.4351358695130992,32.89124668435015,0,0,21.9742,0.03302964385506635,-0.06584362139917699,0.015205724508050134,235677.6,0.4834570616808725,0.010132158590308471,1,MRX
2024-09-23,22.47,23.0,22.34,22.59,95047,43.36357588901449,0.2997197848309421,0.4351006838009386,23.861904761904764,21.36809523809524,23.37184948888473,0.2888541886422366,0.6203329117372528,-0.004857594007445,-0.004845814977973539,-0.07113486842105265,-0.01739886907351018,0.20608649225840892,-0.004857594007445061,0.29971978483094247,0.4351006838009387,33.24396782841825,0,0,22.043799999999997,0.024777942097097716,-0.05953372189841799,-0.01739886907351018,226344.95,0.4199210099452185,0.016821602478972908,1,MRX
2024-09-24,22.59,23.02,22.07,22.55,139700,42.96539322563402,0.2905558786488693,0.4333799925467163,23.819523809523808,21.433650793650795,23.297135898986124,0.1925836383936072,0.5347830570685237,-0.0017722645312245,-0.0017706949977865927,-0.07201646090534974,-0.03796928327645055,0.22421281216069477,-0.001772264531224508,0.2905558786488698,0.4333799925467164,17.049180327868925,0,1,22.103,0.020223499072524076,-0.0693355344614115,-0.03796928327645055,218319.2,0.6398887500503849,0.015077605321507814,1,MRX
2024-09-25,22.58,22.58,21.72,22.0,362900,37.822631719476,0.3008933885995418,0.4366550248314996,23.75809523809524,21.487301587301587,23.179214453623747,0.0710886643994577,0.4420441785347105,-0.0246926125903715,-0.024390243902439046,-0.050086355785837644,-0.05538857878917991,0.18152524167561745,-0.02469261259037152,0.3008933885995423,0.4366550248314997,15.430267062314613,0,1,22.136800000000004,-0.006179754978136165,-0.09090909090909083,-0.05538857878917991,221739.2,1.636607329691818,0.05227272727272725,1,MRX
2024-09-26,22.22,22.71,21.73,22.5,202200,44.34457604587022,0.2737235919888445,0.4379949558961864,23.6747619047619,21.545079365079367,23.11746768511249,0.0149762071174386,0.3566305842512561,0.0224728558520585,0.022727272727272707,-0.026816608996539815,-0.07216494845360821,0.19300106044538712,0.022472855852058576,0.273723591988845,0.4379949558961865,26.56250000000003,0,1,22.180800000000005,0.01439082449686202,-0.07063197026022305,-0.07216494845360821,227433.8,0.8890499125459804,0.0324444444444445,1,MRX
2024-09-27,22.59,23.34,22.37,22.93,382300,49.27257599408272,0.2726242653700296,0.436884043513519,23.64047619047619,21.60206349206349,23.10042516828409,0.0051447809606699,0.2863334235931389,0.0189307876594385,0.01911111111111108,0.010132158590308471,-0.03044397463002113,0.18562564632885215,0.01893078765943859,0.27262426537003004,0.436884043513519,36.34085213032583,0,0,22.2366,0.031182824712411072,-0.06446348429212578,-0.03044397463002113,242073.8,1.5792704538863769,0.027911033580462208,1,MRX
2024-09-30,23.31,23.37,22.13,22.97,248636,49.71858834002922,0.2632382656263896,0.432162387320912,23.58714285714285,21.6684126984127,23.08856833480372,0.0005743498582404,0.2291816088461592,0.0017429198311938,0.0017444395987789019,0.016821602478972908,-0.04649232046492324,0.22245875465673226,0.0017429198311938198,0.26323826562639,0.432162387320912,33.507853403141354,0,0,22.2962,0.030220396300714825,-0.055509868421052655,-0.04649232046492324,251620.6,0.9881384910456457,0.06573791902481507,1,MRX
2024-10-01,23.23,23.23,22.46,22.89,255600,48.79454984034956,0.2631877425477403,0.4313880409355514,23.534761904761904,21.7368253968254,23.07051666800338,-0.0093947839098547,0.1814663302949564,-0.0034888827365314,-0.003482803656943756,0.015077605321507814,-0.045852438516048255,0.23196986006458564,-0.00348888273653147,0.26318774254774063,0.43138804093555133,33.07493540051681,0,0,22.3426,0.024500281972554605,-0.05802469135802468,-0.045852438516048255,250945.6,1.018547446139721,0.08256880733944949,1,MRX
2024-10-02,22.98,23.37,22.71,23.15,190900,51.92196833807734,0.2668028255268116,0.431643326522529,23.50190476190476,21.80920634920635,23.07774242545762,0.0036424450058483,0.1459015532371348,0.0112946465677678,0.011358671909130535,0.05227272727272725,-0.028942953020134277,0.2452931683700914,0.011294646567767663,0.2668028255268119,0.43164332652252907,37.13592233009705,0,0,22.3966,0.03363903449630734,-0.00043177892918833116,-0.028942953020134277,245149.4,0.7787088200093494,0.059179265658747315,1,MRX
2024-10-03,22.92,23.25,22.48,23.23,120700,52.87567814395722,0.2425623284733784,0.4316263678524419,23.43857142857143,21.88126984126984,23.091584023143287,0.0201970551819066,0.1207606536260891,0.0034497662500747,0.003455723542116651,0.0324444444444445,-0.054153094462540685,0.24291064740502932,0.0034497662500747135,0.2425623284733786,0.43162636785244196,33.58974358974358,0,0,22.453599999999998,0.03457797413332386,0.004757785467127906,-0.054153094462540685,245737.9,0.4911737261529459,0.0611278519156262,1,MRX
2024-10-04,23.38,23.69,23.14,23.57,152600,56.79803152064652,0.2482674433947241,0.4303168483753958,23.402380952380952,21.963492063492065,23.13507638467572,0.0600595326112163,0.1086204294231146,0.0145301701657219,0.01463624623331894,0.027911033580462208,-0.031237155774763603,0.2816748232735182,0.014530170165721928,0.24826744339472437,0.43031684837539586,40.74074074074074,0,0,22.516800000000003,0.0467739643288565,0.038325991189427366,-0.031237155774763603,248372.0,0.6144009791763967,0.052184980907933776,1,MRX
2024-10-07,24.15,24.67,23.55,24.48,664726,65.15718032600027,0.283320449566448,0.4353395695843222,23.41095238095238,22.05650793650793,23.25734216788701,0.1631989718209467,0.119536137902681,0.0378817406960856,0.03860840050912184,0.06573791902481507,0.007407407407407307,0.3147153598281418,0.03788174069608566,0.28332044956644825,0.43533956958432224,51.82186234817813,0,0,22.584799999999994,0.08391484538273564,0.08366533864541825,0.007407407407407307,272793.3,2.4367387322195966,-0.008169934640522847,0,MRX
2024-10-08,24.71,24.98,24.31,24.78,399515,67.39684352899462,0.2826622221828115,0.4330901783327085,23.447142857142858,22.146031746031746,23.395765607170013,0.2660780313519773,0.1488445165925402,0.012180418556871,0.01225490196078427,0.08256880733944949,0.03164029975020832,0.2946708463949843,0.012180418556871013,0.2826622221828118,0.4330901783327086,69.75609756097563,0,0,22.661600000000004,0.09347971899601082,0.09889135254988912,0.03164029975020832,279234.05,1.4307531620875034,-0.016545601291363954,0,MRX
2024-10-09,24.99,25.15,24.0,24.52,314151,63.58230118662299,0.2843277772056553,0.4323345539845868,23.46095238095238,22.23603174603175,23.497968733790923,0.3229083141030493,0.183657276094642,-0.0105477651329858,-0.01049233252623094,0.059179265658747315,0.011968633924886563,0.30079575596816954,-0.010547765132985849,0.28432777720565544,0.43233455398458687,66.2037037037037,0,0,22.732000000000003,0.07865563962695754,0.1145454545454545,0.011968633924886563,281564.55,1.1157334969902994,0.0008156606851550396,1,MRX
2024-10-10,24.24,24.95,24.24,24.65,321800,64.65934209877744,0.2847042495050713,0.4319084580736856,23.48238095238096,22.323968253968253,23.60269884890084,0.3741239679495791,0.2217506144656295,0.0052877894206885,0.005301794453507203,0.0611278519156262,0.018595041322313932,0.2899005756148614,0.005287789420688326,0.2847042495050715,0.4319084580736857,74.19354838709678,1,0,22.8114,0.08060005085176702,0.0955555555555554,0.018595041322313932,287438.3,1.1195446118349572,0.008924949290060935,1,MRX
2024-10-11,24.62,25.28,24.56,24.8,346533,65.91205934382907,0.2852611676363926,0.4298675206883871,23.51047619047619,22.406666666666663,23.711544408091672,0.4219524834367547,0.2617909882598545,0.0060667526822373,0.006085192697768749,0.052184980907933776,0.02437009500206533,0.26595201633486476,0.006066752682237362,0.28526116763639286,0.42986752068838713,77.14987714987717,1,0,22.9056,0.08270466610785143,0.08155255124291316,0.02437009500206533,285624.95,1.2132448513338907,0.0028225806451613877,1,MRX
2024-10-14,24.81,24.84,24.15,24.28,112200,58.20896728325885,0.2922590914945846,0.4276066439074985,23.49952380952381,22.46968253968254,23.763222189174247,0.4131349102892443,0.2920597726657325,-0.021190686979639,-0.020967741935483897,-0.008169934640522847,-0.009383924928600629,0.19547021171836554,-0.021190686979639002,0.2922590914945848,0.42760664390749853,69.01098901098902,0,0,23.012400000000003,0.05508334636978307,0.057030909882455516,-0.009383924928600629,264623.55,0.4239985443472435,0.030889621087314634,1,MRX
2024-10-15,24.18,24.68,23.94,24.37,191346,59.09990706519633,0.2913341515736125,0.4275562895701057,23.50190476190476,22.53428571428572,23.818383808340226,0.4086979522928899,0.315387408591164,0.0036999014458174,0.0037067545304778626,-0.016545601291363954,0.0020559210526316374,0.20049261083743852,0.0036999014458174466,0.2913341515736127,0.4275562895701058,78.97310513447434,1,0,23.132599999999996,0.05349160924409735,0.06465705548274348,0.0020559210526316374,253859.7,0.753747050043784,-0.02215839146491594,0,MRX
2024-10-16,24.85,24.87,24.42,24.54,123521,60.79988650073175,0.2922678950568939,0.4270615378874902,23.51333333333333,22.60412698412698,23.883985280309293,0.4141254301898449,0.3351350129109002,0.0069515716456503,0.006975789905621532,0.0008156606851550396,0.00987654320987641,0.21847070506454802,0.006951571645650389,0.29226789505689404,0.4270615378874903,77.12765957446808,1,0,23.2448,0.0557199889867841,0.06004319654427648,0.00987654320987641,243725.75,0.5068032409378164,-0.021189894050529734,0,MRX
2024-10-17,24.54,25.29,24.41,24.87,98138,63.93368352650608,0.2357784120999078,0.4269900001171131,23.594761904761903,22.681587301587303,23.97362298209936,0.4399831358904187,0.3561046375068039,0.0133578185325479,0.01344743276283622,0.008924949290060935,0.07383419689119175,0.24412206103051548,0.013357818532547952,0.23577841209990813,0.4269900001171131,76.50273224043717,1,0,23.3592,0.06467687249563348,0.07059836418424448,0.07383419689119175,241822.65,0.40582633595322853,-0.016485725774024962,0,MRX
2024-10-18,24.77,24.97,24.12,24.87,148309,63.93368352650608,0.2353810753647347,0.4239679599488426,23.67809523809524,22.74984126984127,24.05511180190851,0.4552279692924088,0.3759293038639248,0.0,0.0,0.0028225806451613877,0.07569204152249132,0.20904229460379198,0.0,0.23538107536473507,0.42396795994884257,76.24309392265195,1,0,23.47,0.059650617809970274,0.055154857870173934,0.07569204152249132,243541.1,0.6089690816047065,-0.006031363088057962,0,MRX
2024-10-21,24.9,26.06,24.83,25.03,488248,65.48522707420655,0.2217057010959282,0.4236351688747161,23.78904761904762,22.82253968253968,24.14373800173501,0.4747476767236804,0.395692978435876,0.0064128476283694,0.006433453960595026,0.030889621087314634,0.10264317180616755,0.223960880195599,0.00641284762836948,0.22170570109592858,0.42363516887471603,78.9189189189189,1,0,23.562599999999996,0.0622766587728012,0.02246732026143783,0.10264317180616755,263201.15,1.8550374874881814,-0.005992808629644464,0,MRX
2024-10-22,23.48,24.77,22.54,23.83,551000,48.598918189563534,0.2885900394998467,0.4362185456746114,23.84809523809524,22.877301587301588,24.115216365213644,0.3889041691359445,0.3943352165758897,-0.049129814333032,-0.04794246903715549,-0.02215839146491594,0.054891544931385594,0.1692836113837095,-0.04912981433303217,0.2885900394998472,0.43621854567461144,57.327586206896534,0,0,23.641000000000005,0.007994585677424615,-0.03833736884584349,0.054891544931385594,283766.15,1.941739703625679,0.06546370121695344,1,MRX
2024-10-23,23.61,24.15,23.06,24.02,454400,50.763794104439086,0.2887209260345821,0.4363495057157276,23.91809523809524,22.934603174603176,24.106560332012403,0.3323725985856001,0.3819426929778318,0.0079415255411866,0.007973143096936752,-0.021189894050529734,0.06518847006651884,0.17687408133268012,0.007941525541186845,0.2887209260345826,0.43634950571572767,58.31578947368419,0,0,23.7176,0.01275002529766911,-0.020391517128874437,0.06518847006651884,288341.15,1.575911034550566,0.07493755203996666,1,MRX
2024-10-24,24.79,25.04,23.99,24.46,4167900,55.44386097600324,0.2747375607533746,0.4333406978107997,24.035238095238096,22.988253968253968,24.138691210920367,0.3193934752360619,0.3694328494294778,0.0181523136071888,0.01831806827643634,-0.016485725774024962,0.11181818181818182,0.16034155597722966,0.01815231360718885,0.27473756075337524,0.4333406978107998,59.17525773195875,0,0,23.740600000000004,0.030302519734126232,-0.00770791075050703,0.11181818181818182,486626.15,8.564891138710896,0.04742436631234659,1,MRX
2024-10-25,24.7,24.9,24.14,24.72,545507,57.98526913688303,0.2682435816087534,0.4332530038195336,24.14095238095238,23.048253968253967,24.19153746447306,0.326325575458096,0.3608113946352014,0.0105735023304636,0.01062959934587071,-0.006031363088057962,0.09866666666666668,0.18051575931232078,0.010573502330463627,0.2682435816087541,0.43325300381953374,52.85714285714283,0,0,23.7716,0.03989634690134447,-0.003225806451612967,0.09866666666666668,494786.5,1.1025098704188574,0.03883495145631066,1,MRX
2024-10-28,24.94,25.29,24.54,24.88,472300,59.51560189476059,0.2632094663469331,0.4333201553602893,24.233809523809526,23.109841269841272,24.254124967702783,0.3408014308974891,0.356809401887659,0.0064516352814885,0.006472491909385036,-0.005992808629644464,0.08504143044047097,0.18476190476190468,0.006451635281488595,0.26320946634693376,0.4333201553602894,51.23152709359603,0,0,23.8088,0.044991767749739564,0.02471169686985175,0.08504143044047097,505969.7,0.9334551061061561,0.0586816720257235,1,MRX
2024-10-29,24.89,25.69,24.72,25.39,870715,64.01487339487089,0.2690830300157527,0.4331508751737596,24.349047619047617,23.184603174603176,24.35738633427525,0.388942896772825,0.3632361008646922,0.0202911278456084,0.020498392282958244,0.06546370121695344,0.10535481062255125,0.22775628626692468,0.020291127845608416,0.26908303001575334,0.4331508751737597,60.09280742459397,0,0,23.863199999999996,0.06398136042106706,0.04185473943373008,0.10535481062255125,536725.45,1.622272616288272,0.04371799921228825,1,MRX
2024-10-30,25.64,26.06,25.29,25.82,543407,67.31331192714336,0.2704092356942192,0.4289694699189792,24.48857142857143,23.27555555555556,24.490351212977505,0.4565301660851482,0.3818949139087834,0.0167939897019094,0.016935801496652303,0.07493755203996666,0.12800349497597208,0.28521652563464417,0.01679398970190945,0.27040923569422,0.42896946991897933,62.68980477223427,0,0,23.930999999999997,0.07893527224102637,0.05215973920130401,0.12800349497597208,554350.8,0.9802583490454059,0.05693261037955066,1,MRX
2024-10-31,25.75,26.03,25.39,25.62,529155,64.35845021135731,0.2735213470431724,0.4102586333381284,24.60619047619048,23.381587301587302,24.59304655725228,0.4883261159328675,0.4031811543136002,-0.0077760889499082,-0.0077459333849728695,0.04742436631234659,0.10669546436285104,0.35269271383315726,-0.007776088949908235,0.2735213470431731,0.41025863333812845,58.79828326180257,0,0,23.996199999999998,0.06766904759920322,0.030156815440289586,0.10669546436285104,574773.55,0.9206321341683171,0.0796252927400467,1,MRX
2024-11-01,25.71,26.14,25.56,25.68,382300,64.85685563170449,0.2736188729639475,0.4037660611156056,24.72285714285714,23.497777777777777,24.69186050659298,0.5124588274553474,0.4250366889419497,0.0023391823531722,0.0023419203747072626,0.03883495145631066,0.10546706844597509,0.3986928104575165,0.002339182353172241,0.2736188729639482,0.40376606111560565,66.66666666666663,0,0,24.05,0.06777546777546783,0.03256936067551264,0.10546706844597509,586258.55,0.6521013638095342,0.08411214953271018,1,MRX
2024-11-04,26.0,26.51,25.36,26.34,607994,69.85115157673573,0.2809720759881952,0.4025771778788661,24.854761904761908,23.615396825396825,24.84169136962998,0.5781758085347235,0.4556645128605044,0.0253762174933745,0.025700934579439227,0.0586816720257235,0.11752227407721683,0.39144215530903326,0.025376217493374535,0.2809720759881959,0.4025771778788662,70.64989517819704,1,0,24.107999999999997,0.09258337481334,0.05233719536556136,0.11752227407721683,583421.95,1.0421171160941065,0.07061503416856496,1,MRX
2024-11-05,26.26,26.85,26.16,26.5,433816,70.92971018394117,0.2548762448190281,0.4023769622445391,24.950952380952383,23.73206349206349,24.99244669966362,0.6358381064341216,0.4916992315752279,0.0060560366770416,0.006074411541381997,0.04371799921228825,0.08251633986928097,0.38381201044386426,0.006056036677041609,0.25487624481902893,0.4023769622445393,70.58823529411762,1,0,24.172199999999997,0.09630070907902488,0.112043642467478,0.08251633986928097,585137.0,0.7413921867870259,0.05547169811320751,1,MRX
2024-11-06,27.13,27.42,26.77,27.29,802972,75.57577806067823,0.2686111361677619,0.4052083940751728,25.070476190476192,23.858412698412696,25.20131518151238,0.7367890451708696,0.5407171942943562,0.0293756017280706,0.02981132075471704,0.05693261037955066,0.10129136400322825,0.4117951370926023,0.029375601728070636,0.26861113616776267,0.40520839407517284,73.18007662835245,1,0,24.233,0.12615029092559737,0.13613655287260618,0.10129136400322825,609578.05,1.3172587169108205,0.014290949065591807,1,MRX
2024-11-07,27.4,28.14,25.91,27.66,512037,77.3977713343693,0.264402727028073,0.3934790548815969,25.22,23.9736507936508,25.42483198319308,0.8370008741507071,0.5999739302656264,0.0134669915163651,0.013558079882741048,0.0796252927400467,0.12805872756933123,0.35588235294117654,0.013466991516365164,0.26440272702807377,0.39347905488159696,74.95527728085865,1,0,24.3132,0.13765362025566374,0.1308258381030254,0.12805872756933123,619089.9,0.8270802027298458,0.018799710773680367,1,MRX
2024-11-08,28.45,28.45,27.55,27.84,450800,78.2478962826581,0.2644096160444527,0.3890026653874153,25.37190476190476,24.09952380952381,25.644392711993703,0.920334918232907,0.6640461278590825,0.0064865092296066,0.006507592190889255,0.08411214953271018,0.12941176470588234,0.39829231541938714,0.006486509229606632,0.26440961604445345,0.38900266538741535,75.04456327985737,1,0,24.388199999999998,0.14153566068836576,0.12621359223300965,0.12941176470588234,624303.25,0.7220849803360787,-0.010057471264367845,0,MRX
2024-11-11,28.2,28.44,27.96,28.2,497500,79.87800723251105,0.2655385402820477,0.3889081723879433,25.533809523809527,24.226666666666667,25.876720647267003,1.0038549252120283,0.7320078873296717,0.012848142477849,0.012931034482758674,0.07061503416856496,0.13709677419354827,0.39673105497771166,0.012848142477849059,0.26553854028204843,0.3889081723879434,95.8071278825996,1,0,24.472399999999997,0.1523185302626633,0.1334405144694535,0.13709677419354827,643568.25,0.7730337846840643,-0.03794326241134749,0,MRX
2024-11-12,28.4,28.41,27.61,27.97,362516,75.96132404261787,0.2521743998585434,0.2695496873493844,25.70952380952381,24.30063492063492,26.06701877024273,1.0395033076006683,0.7935069713838709,-0.0081894707301995,-0.008156028368794366,0.05547169811320751,0.15197693574958793,0.1999141999142,-0.008189470730199586,0.2521743998585442,0.2695496873493845,91.06029106029106,1,0,24.555,0.13907554469558137,0.10161480897991337,0.15197693574958793,652126.75,0.5558980673619047,-0.027887021809081092,0,MRX
2024-11-13,27.95,28.28,27.52,27.68,347800,71.21950456975637,0.2589712005263642,0.2702836043184949,25.86714285714286,24.372222222222224,26.21365342749339,1.0324528572487353,0.8412961485568439,-0.0104223764643994,-0.010368251698248065,0.014290949065591807,0.13582273286828062,0.19464825205006453,-0.010422376464399483,0.25897120052636496,0.270283604318495,84.54935622317598,1,0,24.617400000000004,0.12440793909998593,0.07203718048024776,0.13582273286828062,663340.7,0.5243157852367569,0.01589595375722541,1,MRX
2024-11-14,27.67,28.23,27.53,28.18,436957,74.20887334397287,0.2622019912877269,0.2712676526351006,26.04047619047619,24.454126984126987,26.39241220681217,1.0550491954943908,0.8840467579443533,0.0179023757210653,0.018063583815028927,0.018799710773680367,0.14832925835370836,0.22415291051259767,0.017902375721065365,0.26220199128772764,0.2712676526351007,85.30612244897961,1,0,24.6944,0.14114941039263962,0.09992193598750965,0.14832925835370836,680281.65,0.6423177811719601,0.024130589070262554,1,MRX
2024-11-15,28.17,28.3,27.56,27.56,730800,65.1696158562358,0.2790815202070488,0.2735349745916722,26.16857142857144,24.53174603174603,26.498556551647432,1.0112708371911907,0.9094915737937208,-0.0222470603250761,-0.022001419446415982,-0.010057471264367845,0.10816244471250491,0.2157035730039698,-0.022247060325076423,0.2790815202070498,0.27353497459167236,75.0,1,0,24.7596,0.11310360425855026,0.07320872274143309,0.10816244471250491,709406.2,1.0301573344016448,0.029753265602322276,1,MRX
2024-11-18,28.06,28.06,27.11,27.13,381472,59.73501851852094,0.287735940628012,0.2747589622904595,26.27619047619048,24.606349206349204,26.555960501497665,0.9311451053332293,0.9138222801016224,-0.0157253194746175,-0.015602322206095809,-0.03794326241134749,0.0908725371934056,0.20954079358002664,-0.01572531947461746,0.28773594062801283,0.2747589622904597,66.47727272727272,0,0,24.8218,0.09299083869824099,0.02999240698557326,0.0908725371934056,704067.4,0.541811764044181,0.04275709546627349,1,MRX
2024-11-19,26.86,27.23,26.61,27.19,649500,60.23333908885858,0.2876863678569181,0.2744810040871759,26.37904761904761,24.683015873015872,26.61360045590697,0.8625435193438484,0.9035665279500676,0.0022091319735391,0.002211573903428077,-0.027887021809081092,0.08629644426687966,0.21601073345259403,0.002209131973539106,0.2876863678569189,0.27448100408717613,63.9511201629328,0,0,24.881,0.09280173626461963,0.026037735849056665,0.08629644426687966,708992.4,0.9160888043369717,0.04965060684075029,1,MRX
2024-11-20,27.27,28.21,27.17,28.12,564300,67.04195889517231,0.2329632182668088,0.2768564015201661,26.58333333333333,24.764444444444447,26.75054586900633,0.8731543164251754,0.8974840856450892,0.0336318082980848,0.03420375137918352,0.01589595375722541,0.18002517834662202,0.22314049586776874,0.033631808298084806,0.2329632182668095,0.27685640152016633,72.16312056737588,1,0,24.959400000000002,0.12662964654599063,0.030414071088310735,0.18002517834662202,714487.4,0.7897969929210787,0.013157894736842035,1,MRX
2024-11-21,28.21,28.99,27.92,28.86,563719,71.25872440808092,0.2412494551426174,0.2787301657123938,26.813809523809525,24.85047619047619,26.9423144263694,0.9305484814726483,0.904096964810601,0.0259754864032605,0.02631578947368407,0.024130589070262554,0.20149875104079928,0.23122866894197935,0.02597548640326052,0.24124945514261814,0.27873016571239406,75.15822784810126,1,0,25.0524,0.15198543852086033,0.04338394793926237,0.20149875104079928,534278.35,1.0551035803715423,-0.008662508662508617,0,MRX
2024-11-22,28.88,28.93,28.21,28.38,213914,65.41253055592348,0.2540772684474334,0.2809577482734453,27.00047619047619,24.93126984126984,27.073013114881267,0.9266202805101535,0.9086016279505116,-0.0167718816138282,-0.016632016632016633,0.029753265602322276,0.16026165167620587,0.21854873336195801,-0.016771881613828213,0.25407726844743406,0.28095774827344544,66.61237785016286,0,0,25.1298,0.12933648497003558,0.0193965517241379,0.16026165167620587,517698.7,0.4132017329771158,-0.0014094432699083281,0,MRX
2024-11-25,28.53,28.93,28.02,28.29,329535,64.3465569845252,0.2561501319786238,0.2708053015700332,27.170476190476187,24.995396825396828,27.1836482862557,0.905803367727458,0.9080419759059007,-0.0031762864184208,-0.003171247357293905,0.04275709546627349,0.14441747572815533,0.16659793814432988,-0.0031762864184208183,0.2561501319786244,0.27080530157003346,64.74464579901152,0,0,25.2092,0.1222093521412817,0.0031914893617022155,0.14441747572815533,510560.45,0.6454377733332066,0.02827854365500171,1,MRX
2024-11-26,28.33,28.82,28.14,28.54,321621,66.003843108768,0.2562823158575066,0.2652393905760298,27.344761904761903,25.07301587301588,27.30695298750518,0.899114295117343,0.9062564397481891,0.0087982267352144,0.00883704489218795,0.04965060684075029,0.14710610932475876,0.20676532769556033,0.008798226735214439,0.25628231585750727,0.2652393905760299,61.301989150090414,0,0,25.294,0.1283308294457184,0.020378977475866922,0.14710610932475876,483105.75,0.6657362285586541,0.05185704274702174,1,MRX
2024-11-27,28.91,28.91,28.31,28.49,172700,65.34957841073071,0.252726201122998,0.2635271632553795,27.492380952380955,25.142857142857142,27.4145027159138,0.8796386479713263,0.9009328813928168,-0.0017534635388733,-0.0017519271198318531,0.013157894736842035,0.12209531311539967,0.182648401826484,-0.001753463538873471,0.25272620112299865,0.2635271632553797,57.965451055662164,0,0,25.4006,0.12162704817996417,0.029263005780346685,0.12209531311539967,464570.4,0.37174129044812154,0.041769041769041726,1,MRX
2024-11-29,28.82,29.17,28.48,28.61,241718,66.2151484289879,0.2493689161728897,0.2631777087401501,27.625238095238096,25.21619047619048,27.523184287194365,0.8639282275808995,0.8935319506304332,0.0042031585522019,0.004212004212004183,-0.008662508662508617,0.10805577072037176,0.19258024176740318,0.004203158552201937,0.24936891617289036,0.2631777087401503,57.475728155339795,0,0,25.5104,0.12150338685398898,0.015259048970901246,0.10805577072037176,450198.55,0.5369142126290722,0.06606081789584062,1,MRX
2024-12-02,28.84,29.1,28.34,28.34,180838,62.43598354223289,0.2505277151451786,0.2637049924530121,27.7547619047619,25.28761904761905,27.597440261085787,0.8202356961914674,0.87887269974264,-0.0094820727994844,-0.009437259699405787,-0.0014094432699083281,0.10616705698672901,0.18875838926174504,-0.009482072799484499,0.2505277151451793,0.26370499245301227,51.38339920948617,0,0,25.6232,0.10602891129913505,0.028301886792452935,0.10616705698672901,440125.45,0.4108783075370897,0.06774876499647142,1,MRX
2024-12-03,28.34,29.42,28.34,29.09,687775,67.91413912770409,0.2609080178539126,0.2622884910607256,27.917142857142856,25.35952380952381,27.733127510077985,0.836485300416939,0.8703952198774998,0.0261202382445758,0.026464361326746566,0.02827854365500171,0.13278816199376942,0.18444625407166138,0.026120238244575808,0.26090801785391327,0.2622884910607258,60.03584229390682,0,0,25.753200000000003,0.1295683643197738,0.0722447475119794,0.13278816199376942,444114.5,1.5486434241620122,0.03093846682708823,1,MRX
2024-12-04,29.54,30.04,28.9,30.02,503542,73.14420059739587,0.2674010230554124,0.2673198993372483,28.09238095238095,25.44984126984127,27.941025009161805,0.9138719099905472,0.8790905579001094,0.0314693536982056,0.03196974905465799,0.05185704274702174,0.13971146545178437,0.23386765310316493,0.031469353698205665,0.26740102305541313,0.26731989933724853,68.81028938906752,0,0,25.902599999999996,0.15895701589801803,0.10408238322912822,0.13971146545178437,447600.8,1.124980116210695,0.0066622251832111345,1,MRX
2024-12-05,30.12,30.84,29.59,29.68,659520,68.73316949452723,0.2742830336957498,0.2687932932594317,28.243809523809524,25.535238095238096,28.09911364469255,0.9369654427335092,0.8906655348667893,-0.0113904079061361,-0.011325782811459018,0.041769041769041726,0.11999999999999988,0.22139917695473255,-0.011390407906136187,0.2742830336957505,0.26879329325943185,62.37623762376237,0,0,26.0562,0.1390763042960983,0.05547652916073953,0.11999999999999988,440428.2,1.4974517980456292,0.017520215633423097,1,MRX
2024-12-06,29.7,30.55,29.5,30.5,388042,72.96734236459017,0.2720344987639237,0.2713356973515578,28.39666666666667,25.63809523809524,28.3173760406296,1.0097941029425748,0.9144912484819464,0.0272532653141863,0.027628032345013542,0.06606081789584062,0.11762550384756332,0.26977518734388006,0.027253265314186304,0.2720344987639244,0.27133569735155805,73.48242811501598,1,0,26.2162,0.16340278148625664,0.05682605682605679,0.11762550384756332,434228.45,0.8936355966542496,-0.019344262295082015,0,MRX
2024-12-09,31.36,31.71,29.61,30.26,493400,69.98029197721102,0.2740099228515181,0.2721446024287827,28.520476190476195,25.733809523809523,28.493978218754176,1.0362006703093023,0.9388331328474177,-0.007899975253156,-0.007868852459016362,0.06774876499647142,0.09399855386840206,0.24886504333470905,-0.007899975253156048,0.2740099228515187,0.27214460242878286,75.78253706754532,1,0,26.362800000000004,0.14782951735020555,0.06624383368569431,0.09399855386840206,436358.45,1.1307217724327328,-0.007270323859881134,0,MRX
2024-12-10,30.19,30.84,29.78,29.99,241027,66.67351737833037,0.2776432750426342,0.2731310769499681,28.622857142857143,25.825714285714284,28.62998019886744,1.023542560179994,0.9557750183139327,-0.0089627155992921,-0.008922670191672255,0.03093846682708823,0.07722701149425282,0.23925619834710732,-0.008962715599292221,0.27764327504263486,0.27313107694996835,72.29299363057322,1,0,26.503200000000003,0.1315614718222704,0.06009190526687869,0.07722701149425282,423534.8,0.5690842877610057,-0.038012670890296696,0,MRX
2024-12-11,29.96,30.48,29.62,30.22,120400,68.058159486984,0.2760252629008954,0.2731917521136963,28.71904761904761,25.92111111111111,28.774527453515848,1.0203085130965768,0.9686817172704616,0.0076399640836756,0.007669223074358245,0.0066622251832111345,0.07163120567375891,0.24824452705493583,0.007639964083675914,0.27602526290089613,0.27319175211369656,68.81720430107525,0,0,26.6498,0.13396723427567947,0.05886475122634893,0.07163120567375891,411429.0,0.29263858405703047,-0.05724685638649907,0,MRX
2024-12-12,30.27,30.72,29.88,30.2,161700,67.79438751869273,0.2732974669849695,0.2727260316220034,28.8252380952381,26.011428571428567,28.904115866832587,1.0045518264859616,0.9758557391135616,-0.0006620324637695,-0.0006618133686300265,0.017520215633423097,0.07972828030032186,0.23215014279885748,-0.0006620324637695366,0.2732974669849702,0.27272603162200365,63.786008230452666,0,0,26.7908,0.127252638965615,0.06002106002106,0.07972828030032186,402124.0,0.40211477056828243,-0.0682119205298013,0,MRX
2024-12-13,30.21,30.73,29.78,29.91,155917,63.92559109278165,0.2728083343218898,0.2730601063493001,28.93142857142857,26.10015873015873,28.99555987893872,0.9576250569023088,0.9722096026713112,-0.0096490517389672,-0.009602649006622443,-0.019344262295082015,0.08056358381502893,0.22985197368421062,-0.009649051738967226,0.2728083343218905,0.2730601063493004,66.3811563169165,0,0,26.924400000000002,0.11088826491955239,0.045438657811953886,0.08056358381502893,388072.0,0.40177338225896225,-0.014042126379137487,0,MRX
2024-12-16,29.94,30.43,29.63,30.04,263000,64.89277416583764,0.2679067673619593,0.272939665618295,29.020000000000003,26.19126984126984,29.09050898085338,0.9203163336455696,0.9618309488661628,0.0043369542540773,0.004346372450685365,-0.007270323859881134,0.06600425833924772,0.23621399176954716,0.004336954254077317,0.26790676736196006,0.27293966561829525,68.57749469214437,0,0,27.053799999999995,0.11038005751502578,0.059985885673959016,0.06600425833924772,364682.0,0.7211762576710669,0.010985352862849629,1,MRX
2024-12-17,30.04,30.21,28.69,28.85,270300,51.32702337207385,0.2954979294917442,0.2674695272396227,29.081428571428567,26.2815873015873,29.068644528048527,0.7856691421065847,0.9265985875142472,-0.0404198339418254,-0.03961384820239677,-0.038012670890296696,0.04680696661828754,0.24568221070811758,-0.0404198339418254,0.2954979294917447,0.2674695272396229,52.74336283185843,0,0,27.141200000000005,0.06295963332498178,-0.008250257820556883,0.04680696661828754,359123.4,0.7526660752265099,0.06308492201039861,1,MRX
2024-12-18,28.64,29.73,28.32,28.49,435746,48.05422469062621,0.293274566725478,0.2691989003512753,29.14619047619048,26.3668253968254,29.016040480044115,0.6425048850078703,0.8697798470129717,-0.0125568444442915,-0.012478336221837139,-0.05724685638649907,0.050129008477699966,0.23226643598615904,-0.012556844444291693,0.2932745667254785,0.2691989003512755,50.0,0,0,27.2154,0.04683377793455179,-0.05096602265156569,0.050129008477699966,348435.7,1.2505779402053234,0.10881010881010877,1,MRX
2024-12-19,28.11,29.49,27.85,28.14,334023,45.04684787998555,0.2976601292221473,0.2675065499121525,29.19142857142857,26.4531746031746,28.93640043640374,0.4950969355999568,0.7948432647303688,-0.0123610968235739,-0.01228501228501222,-0.0682119205298013,0.03493931592497246,0.23964757709251105,-0.012361096823573862,0.2976601292221478,0.2675065499121527,46.20355411954766,0,0,27.287799999999997,0.031230073512705347,-0.05188679245283012,0.03493931592497246,336921.85,0.991396075974295,0.10909737029140021,1,MRX
2024-12-20,28.17,29.77,28.16,29.49,354800,56.38500573497457,0.3183810105394652,0.2806822262405916,29.256666666666668,26.562698412698413,28.986727669457945,0.481656554319116,0.7322059226481182,0.046859171140942,0.04797441364605537,-0.014042126379137487,0.04871977240398273,0.30544488711819384,0.04685917114094181,0.31838101053946527,0.28068222624059175,57.909215955983484,0,0,27.3846,0.07688262746215035,-0.03311475409836073,0.04871977240398273,326475.9,1.0867570929431545,0.04747371990505256,1,MRX
2024-12-23,30.24,30.37,29.16,30.37,254900,61.90292243136011,0.321801325075739,0.284866588820459,29.32857142857143,26.6868253968254,29.112479699507222,0.5358368076823368,0.6929320996549619,0.0294040562304723,0.029840623940318833,0.010985352862849629,0.052321552321552334,0.3467849223946784,0.029404056230472604,0.3218013250757393,0.2848665888204591,58.64864864864866,0,0,27.496000000000002,0.10452429444282796,0.0036351619299404003,0.052321552321552334,328525.2,0.7758917732947123,0.0029634507737898996,1,MRX
2024-12-24,30.48,30.78,30.17,30.67,119300,63.59389589597799,0.3149232448343722,0.2786761195333733,29.43761904761905,26.82444444444444,29.254072454097475,0.5961109456998805,0.6735678688639457,0.0098296990685027,0.009878169245966406,0.06308492201039861,0.08069062720225517,0.39409090909090927,0.009829699068502758,0.3149232448343725,0.2786761195333735,54.8005908419498,0,0,27.623799999999996,0.11027447346129082,0.02267422474158054,0.08069062720225517,318013.45,0.3751413658761917,,0,MRX
2024-12-26,30.5,31.59,30.5,31.59,297500,68.24829328971862,0.3261368495626803,0.2808047444497485,29.594761904761903,26.96873015873016,29.46642950372497,0.7099312994663336,0.6808405549844232,0.0295556366878336,0.029996739484838608,0.10881010881010877,0.11664899257688233,0.4039999999999999,0.02955563668783366,0.3261368495626807,0.2808047444497487,62.99319727891157,0,0,27.7682,0.13763225560173153,0.04533421575115826,0.11664899257688233,316807.4,0.9390563477999566,,0,MRX
2024-12-27,31.48,31.48,30.62,31.21,220109,64.57597209420805,0.3312708325724694,0.2815787294457508,29.72190476190476,27.10015873015873,29.62493591247725,0.7607030148164995,0.6968130469508385,-0.0121020585313057,-0.012029123140234188,0.10909737029140021,0.09355290819901896,0.3610989969472307,-0.0121020585313057,0.33127083257246975,0.281578729445751,55.13748191027497,0,0,27.9016,0.11857384522751402,0.033443708609271594,0.09355290819901896,319177.85,0.6896123900828331,,0,MRX
2024-12-30,31.06,31.39,30.3,30.89,224100,61.57142421931704,0.3345353344111066,0.2831534614444668,29.83619047619048,27.225873015873017,29.739941738615684,0.7662853785259891,0.7107075132658686,-0.0103060493521977,-0.010253123998718361,0.04747371990505256,0.08424008424008433,0.34479756203744016,-0.010306049352197725,0.33453533441110694,0.28315346144446696,54.506437768240346,0,0,28.022,0.10234815502105499,0.03276496155132058,0.08424008424008433,318296.95,0.7040595268035085,,0,MRX
2024-12-31,31.07,31.28,30.34,30.46,210400,57.68731308406566,0.3402007741189557,0.2851674069718596,29.92428571428572,27.346031746031745,29.80540158055972,0.7276244340986509,0.714090897432425,-0.0140181594634745,-0.01392036257688567,0.0029634507737898996,0.06466270534778062,0.3307121013543033,-0.014018159463474532,0.34020077411895605,0.28516740697185977,53.286713286713315,0,0,28.1338,0.08268346259659198,0.013981358189081305,0.06466270534778062,319775.05,0.657962527095219,,0,MRX
